{"cameraMode":{"drawMode":0,"name":"Shaded","section":"Shading Mode"},"sceneLighting":true,"audioPlay":false,"sceneViewState":{"showFog":false,"showMaterialUpdate":false,"showSkybox":false,"showFlares":false,"showImageEffects":false,"showParticleSystems":false},"in2DMode":false,"pivot":{"x":12.603873252868653,"y":0.8182901740074158,"z":0.17492806911468507},"rotation":{"x":0.01586080901324749,"y":-0.7090463638305664,"z":0.01595618575811386,"w":0.704804539680481},"size":2.745234251022339,"orthographic":false}