{"cameraMode":{"drawMode":0,"name":"Shaded","section":"Shading Mode"},"sceneLighting":true,"audioPlay":false,"sceneViewState":{"showFog":false,"showMaterialUpdate":false,"showSkybox":false,"showFlares":false,"showImageEffects":false,"showParticleSystems":false},"in2DMode":false,"pivot":{"x":-1.326456069946289,"y":0.19099098443984986,"z":0.0913398340344429},"rotation":{"x":0.01586080901324749,"y":-0.7090463638305664,"z":0.01595618575811386,"w":0.704804539680481},"size":13.944696426391602,"orthographic":false}